Wall time,Step,Value
1769674424.1418204,0,0.5317460298538208
1769690378.936941,437,1.9470899105072021
1769705166.3387232,874,1.9947090148925781
1769718696.962902,1287,2.0
